step,elapsed_s,loss,feeder_us,train_ms,total_iter_ms,tokens_per_sec,vram_alloc_mb,vram_reserved_mb,working_set_mb,private_commit_mb,commit_delta_mb
100,11,2.4326,7.50,117.82,117.83,139048,241.02,2740.00,1272.50,5313.50,+0.00
200,23,2.2704,7.50,119.81,119.82,136739,241.02,2740.00,1272.50,5313.50,+0.00
300,35,2.0067,7.50,119.92,119.93,136608,241.02,2740.00,1272.60,5313.50,+0.00
400,48,1.8163,7.50,125.41,125.42,130637,241.02,2740.00,1272.60,5313.50,+0.00
500,60,1.6815,7.50,123.91,123.92,132216,241.02,2740.00,1272.50,5313.40,-0.11
600,73,1.5697,7.50,120.59,120.60,135851,241.02,2740.00,1272.50,5313.40,-0.11
700,85,1.4626,7.50,120.65,120.66,135784,241.02,2740.00,1272.60,5313.40,-0.11
800,97,1.4369,7.50,123.58,123.59,132570,241.02,2740.00,1272.60,5313.40,-0.11
900,110,1.3534,7.50,123.22,123.23,132956,241.02,2740.00,1272.60,5313.40,-0.11
1000,122,1.3549,7.50,118.42,118.43,138338,241.02,2740.00,1272.60,5313.30,-0.14
1100,134,1.3418,7.50,110.79,110.80,147877,241.02,2740.00,1272.60,5313.30,-0.17
1200,146,1.3130,7.50,110.60,110.61,148120,241.02,2740.00,1272.60,5313.30,-0.17
1300,158,1.3096,7.50,115.99,116.00,141245,241.02,2740.00,1272.60,5313.30,-0.17
1400,169,1.2628,7.50,110.38,110.39,148414,241.02,2740.00,1272.60,5313.30,-0.17
1500,181,1.2509,7.50,125.83,125.84,130195,241.02,2740.00,1272.60,5313.30,-0.17
1600,193,1.2551,7.50,113.54,113.55,144293,241.02,2740.00,1272.60,5313.30,-0.17
1700,204,1.2078,7.50,110.99,111.00,147598,241.02,2740.00,1272.60,5313.30,-0.17
1800,216,1.1971,7.50,111.28,111.29,147220,241.02,2740.00,1272.60,5313.30,-0.17
1900,227,1.2405,7.50,112.62,112.63,145464,241.02,2740.00,1272.70,5313.30,-0.17
2000,239,1.1836,7.50,110.62,110.63,148096,241.02,2740.00,1272.70,5313.30,-0.17
2100,250,1.2248,7.50,111.52,111.53,146903,241.02,2740.00,1272.70,5313.30,-0.17
2200,262,1.1871,7.50,118.35,118.36,138423,241.02,2740.00,1272.70,5313.30,-0.17
2300,273,1.1797,7.50,110.54,110.55,148205,241.02,2740.00,1272.70,5313.30,-0.20
2400,285,1.1395,7.50,113.25,113.26,144660,241.02,2740.00,1272.70,5313.30,-0.20
2500,297,1.1673,7.50,115.94,115.95,141299,241.02,2740.00,1272.80,5313.30,-0.17
2600,309,1.1754,7.50,119.85,119.86,136696,241.02,2740.00,1272.90,5313.30,-0.13
2700,320,1.1729,7.50,119.92,119.93,136613,241.02,2740.00,1272.90,5313.30,-0.13
2800,332,1.1819,7.50,111.80,111.81,146536,241.02,2740.00,1272.90,5313.30,-0.13
2900,344,1.1934,7.50,112.72,112.73,145338,241.02,2740.00,1272.90,5313.30,-0.13
3000,356,1.1872,7.50,115.29,115.30,142105,241.02,2740.00,1273.00,5313.30,-0.13
3100,368,1.1632,7.50,113.24,113.25,144675,241.02,2740.00,1273.00,5313.30,-0.13
3200,379,1.1605,7.50,110.50,110.51,148259,241.02,2740.00,1273.00,5313.30,-0.13
3300,391,1.1122,7.50,111.60,111.61,146793,241.02,2740.00,1273.00,5313.30,-0.13
3400,402,1.1527,7.50,111.56,111.57,146847,241.02,2740.00,1273.00,5313.30,-0.16
3500,414,1.1381,7.50,112.23,112.24,145971,241.02,2740.00,1273.00,5313.30,-0.16
3600,425,1.1239,7.50,110.64,110.65,148069,241.02,2740.00,1273.00,5313.30,-0.16
3700,437,1.1441,7.50,111.56,111.57,146845,241.02,2740.00,1273.00,5313.30,-0.16
3800,449,1.1107,7.50,114.50,114.51,143083,241.02,2740.00,1273.00,5313.30,-0.16
3900,460,1.1350,7.50,111.78,111.79,146557,241.02,2740.00,1273.00,5313.30,-0.16
4000,472,1.1231,7.50,111.62,111.63,146769,241.02,2740.00,1273.10,5313.30,-0.17
4100,483,1.0969,7.50,110.86,110.87,147771,241.02,2740.00,1273.10,5313.30,-0.17
4200,495,1.1184,7.50,111.60,111.61,146796,241.02,2740.00,1273.10,5313.30,-0.17
4300,506,1.0902,7.50,111.48,111.49,146959,241.02,2740.00,1273.10,5313.30,-0.17
4400,518,1.0860,7.50,111.27,111.28,147231,241.02,2740.00,1273.10,5313.30,-0.17
4500,529,1.0648,7.50,111.44,111.45,147006,241.02,2740.00,1273.10,5313.30,-0.17
4600,541,1.1235,7.50,116.20,116.21,140991,241.02,2740.00,1273.10,5313.30,-0.17
4700,553,1.0886,7.50,117.22,117.23,139755,241.02,2740.00,1273.10,5313.30,-0.17
4800,565,1.0748,7.50,127.33,127.34,128658,241.02,2740.00,1273.10,5313.30,-0.17
4900,577,1.1074,7.50,111.37,111.38,147097,241.02,2740.00,1273.10,5313.30,-0.17
5000,589,1.1011,7.50,111.82,111.83,146508,241.02,2740.00,1273.10,5313.30,-0.17
5100,600,1.0942,7.50,110.91,110.92,147710,241.02,2740.00,1273.10,5313.30,-0.14
5200,612,1.1055,7.50,111.94,111.95,146356,241.02,2740.00,1273.10,5313.30,-0.14
5300,623,1.0948,7.50,111.73,111.74,146630,241.02,2740.00,1273.20,5313.30,-0.14
5400,635,1.0732,7.50,113.81,113.82,143945,241.02,2740.00,1273.20,5313.30,-0.14
5500,647,1.0540,7.50,113.87,113.88,143876,241.02,2740.00,1273.20,5313.30,-0.14
5600,658,1.0697,7.50,113.03,113.04,144943,241.02,2740.00,1273.20,5313.30,-0.14
5700,670,1.0298,7.50,111.95,111.96,146341,241.02,2740.00,1273.20,5313.30,-0.17
5800,681,1.0798,7.50,111.49,111.50,146946,241.02,2740.00,1273.20,5313.30,-0.17
5900,693,1.0596,7.50,112.85,112.86,145172,241.02,2740.00,1273.20,5313.30,-0.17
6000,704,1.0751,7.50,110.50,110.51,148255,241.02,2740.00,1273.20,5313.30,-0.17
6100,716,1.0604,7.50,111.37,111.38,147096,241.02,2740.00,1273.20,5313.30,-0.17
6200,727,1.0577,7.50,111.28,111.29,147224,241.02,2740.00,1273.20,5313.30,-0.17
6300,739,1.0819,7.50,112.11,112.12,146126,241.02,2740.00,1273.20,5313.30,-0.16
6400,751,1.0348,7.50,110.49,110.50,148273,241.02,2740.00,1273.20,5313.30,-0.16
